"gene","p_val","avg_log2FC","pct.1","pct.2","p_val_adj"
"Slc4a10",0,0.859086259796301,0.991,0.949,0
"Mir670hg",0,1.56103944132192,0.858,0.259,0
"Maml3",0,1.23280894229848,0.933,0.607,0
"Gabbr2",0,0.953354908569851,0.976,0.942,0
"Sorcs2",0,1.36438784595184,0.867,0.429,0
"Pcdh7",0,1.25850889586369,0.99,0.95,0
"Adgrl3",0,1.21958917470228,1,0.994,0
"Rimbp2",0,1.13618332840412,0.982,0.822,0
"Plxna4",0,1.11298972891247,0.981,0.868,0
"Dlgap2",0,0.930022291263892,0.999,0.995,0
"Pcdh15",0,2.52372388225216,0.977,0.741,0
"Gm15398",0,2.07621489686831,0.859,0.492,0
"Ppm1h",0,1.09271954151898,0.971,0.783,0
"Rap1gap2",0,1.16704045059559,0.954,0.776,0
"Dtnb",0,1.01509313593815,0.981,0.846,0
"Gphn",0,0.90038925900151,0.997,0.989,0
"Pi4ka",0,0.78173972074506,0.988,0.912,0
"Malat1",0,1.23261312193113,1,1,0
"Blnk",0,1.34995857136735,0.639,0.081,0
"Sorcs3",0,2.12981185290299,0.977,0.65,0
"AC149090.1",0,2.11192008653441,0.972,0.634,0
"Trnp1",1.40916217309646e-305,0.998033859146974,0.721,0.177,3.58237207644581e-301
"Zmiz1",6.18992849812039e-305,1.225293551152,0.86,0.466,1.57360362279217e-300
"Syn2",3.91754050248197e-302,0.929745542789572,0.989,0.912,9.95917146540967e-298
"Tspan5",9.38653188768811e-297,0.918733595858765,0.992,0.948,2.38624413648807e-292
"Fam126b",5.59042102114646e-293,0.907820359837072,0.937,0.716,1.42119683199585e-288
"Trim2",6.12297589267584e-289,0.920803611286659,0.972,0.83,1.55658293143605e-284
"Amph",2.96386966115979e-286,0.888592673426857,0.975,0.88,7.53474945260042e-282
"Jarid2",1.78873212207053e-278,1.00112514911741,0.922,0.688,4.54731480072769e-274
"Ctnnd2",1.3706763152771e-267,0.606437394924626,1,0.995,3.48453332869743e-263
"Slc6a17",3.55136627505598e-258,0.811257791803385,0.938,0.692,9.02828334444732e-254
"Lhfp",2.47887846418733e-257,1.13534812048992,0.87,0.48,6.30180483165704e-253
"Inpp4b",2.7445702406758e-257,1.13256125245205,0.867,0.352,6.97724646584602e-253
"Nptx2",1.6331923141721e-253,0.782123261650487,0.614,0.097,4.15190150108832e-249
"Prkag2",4.54421197205895e-249,0.898068145279214,0.949,0.775,1.15522956753683e-244
"Fam135a",5.22404975710323e-246,1.08510606013486,0.882,0.633,1.32805792925078e-241
"Sema4a",7.33821295115721e-244,0.821468062601672,0.764,0.29,1.86552049644319e-239
"Kcnip3",8.18199695722176e-244,0.842127372783707,0.958,0.728,2.08002726646492e-239
"Ank2",1.33900683361864e-239,0.581200009077507,1,0.998,3.40402317242532e-235
"Nav2",1.01490803099428e-230,0.805773278784514,0.993,0.979,2.58009919639365e-226
"Klhl2",9.53426194586452e-228,0.850550641421045,0.941,0.752,2.42380007187768e-223
"Prkce",9.55390051444958e-216,0.692206172196633,0.992,0.971,2.42879258878337e-211
"Pxdn",1.95193406099158e-213,0.886078933829431,0.773,0.389,4.96220676985278e-209
"Kcnj6",4.30921276555633e-209,0.818117360237121,0.962,0.859,1.09548806925973e-204
"Megf11",3.30835772840753e-206,1.54834133283959,0.612,0.209,8.41050701715763e-202
"Kcnh1",1.07793675230558e-204,0.919092148707396,0.924,0.794,2.74033081171125e-200
"Grin1",3.0016525080331e-199,0.583833145603028,0.987,0.949,7.63080100592174e-195
"Npy",3.61718047366166e-198,0.708354044148479,0.545,0.104,9.19559620014266e-194
"Hs3st2",4.41894430034807e-193,0.907265178535614,0.841,0.468,1.12338402003449e-188
"Cnr1",7.62569714399124e-190,0.866068294027833,0.729,0.337,1.93860472794545e-185
"Iqsec3",2.61129934982083e-186,0.720959446701035,0.861,0.565,6.63844520711451e-182
"Nrp1",5.64505360978109e-186,0.881484357033397,0.804,0.383,1.43508552867855e-181
"Syn3",1.08976673266888e-181,0.909997183148856,0.86,0.568,2.77040498779083e-177
"Ptk2",7.46077680682287e-179,0.567123563039554,0.992,0.972,1.89667867983051e-174
"Baz1a",2.04443701238797e-176,0.644689219287107,0.416,0.034,5.1973677728927e-172
"Luzp2",1.4371142910333e-171,1.46736517822237,0.664,0.269,3.65343195066485e-167
"Myrip",4.64380804862152e-169,0.730966643279803,0.905,0.701,1.18054888212056e-164
"Galnt17",2.68560643692265e-165,0.883280546757824,0.909,0.724,6.82734868394476e-161
"Mctp2",3.04572159423215e-165,0.64105993726487,0.436,0.063,7.74283343685698e-161
"Slc7a4",5.37274038660628e-165,0.595471503886813,0.548,0.147,1.36585806108305e-160
"Chga",6.02739797870894e-165,0.646560237738475,0.701,0.302,1.53228511414739e-160
"Odf2",1.22668734852837e-164,0.686192595297924,0.897,0.687,3.11848457742883e-160
"Larp1b",1.9359968833839e-164,0.725322744785125,0.816,0.518,4.92169127693854e-160
"4732471J01Rik",2.57067131462915e-164,0.726191318746759,0.87,0.646,6.53516061605023e-160
"Tbc1d24",6.43948606247563e-164,0.643226030515428,0.795,0.465,1.63704614680255e-159
"Tll1",9.14159623349229e-163,1.02011520775627,0.432,0.064,2.32397659447841e-158
"Gxylt2",1.38953947866029e-161,0.639095247632719,0.395,0.038,3.53248726265018e-157
"Pcnx2",2.25321544500091e-161,0.645855543446942,0.907,0.71,5.72812430428131e-157
"Grik5",1.19635835201374e-159,0.658822854321283,0.913,0.73,3.04138220248933e-155
"Pde1a",1.62589112346576e-157,0.903708182244559,0.965,0.872,4.13334041407467e-153
"Rab36",1.42426773500057e-155,0.600027106995361,0.624,0.245,3.62077343591844e-151
"Ttll11",2.05736845161272e-154,0.606494427085584,0.916,0.751,5.23024207768985e-150
"Sec61a2",7.59289289565666e-152,0.590404611833539,0.899,0.685,1.93026523193384e-147
"Cck",9.14712987274705e-151,0.709146508467558,0.888,0.58,2.32538335624975e-146
"Lyzl4",2.61582849292879e-148,0.597260589909834,0.633,0.267,6.64995919472358e-144
"Abl2",8.80193483552844e-147,0.612906649801344,0.859,0.604,2.23762787388804e-142
"Jade3",1.54467334022971e-146,0.567281480440562,0.611,0.239,3.92686856553198e-142
"Usp53",7.35006846056766e-145,0.602694840616637,0.702,0.342,1.86853440404551e-140
"Klf10",9.68007409465248e-145,0.593333472914485,0.689,0.309,2.46086843634255e-140
"Myt1l",2.41710609848419e-143,0.510847885594282,0.996,0.989,6.1447671235665e-139
"Jazf1",1.88212203889502e-141,0.587812616324164,0.94,0.79,4.78473064727893e-137
"Zbtb1",1.85234849638712e-140,0.583504283100834,0.545,0.186,4.70904034751535e-136
"Dip2c",1.95900144108896e-139,0.489118514990947,0.99,0.977,4.98017346353635e-135
"Dpm3",4.12378207803941e-139,0.490857443331843,0.449,0.093,1.04834787987918e-134
"Glce",2.017702419638e-138,0.612155014406327,0.64,0.284,5.12940309120371e-134
"Adgra2",1.12631833533094e-137,0.472155243572409,0.376,0.05,2.86332647207833e-133
"Ddhd1",2.71252844230982e-137,0.618647465251707,0.819,0.56,6.89578980604003e-133
"Snca",5.87789526899709e-135,0.624790148851105,0.905,0.725,1.49427853528444e-130
"Ptgs1",6.7719094672606e-134,0.414727641025765,0.323,0.019,1.72155482476699e-129
"Rapgef4",1.70209415753049e-133,0.535649211127422,0.979,0.928,4.32706376727401e-129
"Cdh23",4.54846671003714e-133,0.683213254671375,0.305,0.01,1.15631120702564e-128
"Oprd1",5.38513359801068e-133,0.542527360074103,0.479,0.135,1.36900866328628e-128
"Nkain1",1.11307089583139e-132,0.478169125829732,0.388,0.062,2.82964883138255e-128
"Gm43154",5.11622259397491e-131,0.636400852463942,0.358,0.047,1.3006461078403e-126
"Ak5",2.81673159821431e-130,0.65022786811279,0.933,0.813,7.16069506898042e-126
"Strip2",2.03263275838349e-129,0.671867569946788,0.429,0.102,5.1673589983625e-125
"Trank1",2.09449047899899e-129,0.520799394181592,0.972,0.901,5.32461369571124e-125
"Trio",2.4264626723865e-129,0.504804841183261,0.977,0.94,6.16855340574097e-125
"Pabpc4",6.01720794418345e-129,0.560146117746591,0.634,0.279,1.52969460357032e-124
"Car10",3.47896509530768e-128,0.809149193499229,0.938,0.935,8.84422506529119e-124
"Lrrc8d",4.18160999223852e-128,0.602514819550922,0.667,0.337,1.06304889222688e-123
"Slc17a7",7.41047302809841e-128,0.505348533290508,0.978,0.909,1.88389045320318e-123
"Dtnbos",1.98665773438373e-127,0.609272101685931,0.835,0.535,5.05048129235031e-123
"Hnrnpll",2.88405517549698e-127,0.648666972543765,0.852,0.608,7.33184506714842e-123
"Lpar1",4.59505545832843e-127,0.55709890675297,0.396,0.073,1.16815499861625e-122
"Ptprf",5.16078474847677e-126,0.543341262220546,0.62,0.279,1.31197469875776e-121
"Ldlrad4",1.45944123004291e-125,0.584127563549334,0.973,0.936,3.71019149501508e-121
"Slc25a42",1.677622643316e-125,0.521027412788777,0.644,0.3,4.26485228383794e-121
"Serinc2",4.17139227752081e-125,0.48111264649864,0.557,0.189,1.06045134479134e-120
"Vti1a",5.86608242645046e-124,0.538156203173043,0.947,0.847,1.49127547445224e-119
"Nrxn3",2.12759092396428e-123,0.55871277468844,0.999,0.992,5.408761646902e-119
"4930488L21Rik",2.13208944296849e-123,0.518699392100213,0.439,0.114,5.4201977819145e-119
"Fndc3a",3.27823297184641e-123,0.582020270780217,0.831,0.578,8.33392386102794e-119
"Atp6v1b2",3.95586288419203e-123,0.523263117019935,0.871,0.659,1.0056594624193e-118
"Ssbp3",4.98759492512536e-123,0.580845852736566,0.819,0.553,1.26794638186537e-118
"Itpk1",1.26774577129213e-122,0.54163618919722,0.609,0.279,3.22286329977886e-118
"Gdpd5",2.79714708549131e-122,0.504682998396328,0.539,0.193,7.11090732073601e-118
"Herc3",1.41372646424575e-120,0.633857391994453,0.91,0.765,3.59397541740554e-116
"Prex1",1.47428208146471e-120,0.759516718439129,0.655,0.364,3.74791990749959e-116
"Ddi2",5.28964721726246e-119,0.595722251986025,0.734,0.439,1.34473411557246e-114
"Rap1gap",3.70048973459326e-118,0.540608380764197,0.843,0.579,9.40738500328298e-114
"Nfasc",2.61817843080266e-117,0.495855504393227,0.941,0.829,6.65593320678653e-113
"Lrrfip1",3.21418949067735e-117,0.533927730164479,0.922,0.797,8.17111252319997e-113
"2610035D17Rik",1.44579255099384e-114,0.594755616258585,0.75,0.471,3.67549382313654e-110
"Plxna4os3",2.14000964543201e-114,0.538046543983652,0.567,0.238,5.44033252061726e-110
"Sccpdh",1.39062402680874e-113,0.48854148865968,0.393,0.089,3.53524440095319e-109
"Sdk1",1.18992828831912e-112,0.907296240145288,0.744,0.458,3.02503569456486e-108
"Bdnf",1.62571313651232e-112,0.613470027313258,0.575,0.241,4.13288793564161e-108
"Unc13b",4.00491797571753e-111,0.588168840487105,0.911,0.748,1.01813024778691e-106
"Khdrbs3",1.35486256282419e-110,0.508081123390603,0.976,0.907,3.44433160721165e-106
"Clstn2",1.97918233847465e-110,0.782977194121617,0.961,0.909,5.03147734087026e-106
"Car12",7.46150420266977e-110,0.635230038447499,0.348,0.065,1.89686359840271e-105
"Znrf3",1.51220357557578e-109,0.565533446804833,0.751,0.48,3.84432392982875e-105
"Dhps",2.92730194431773e-109,0.565807861838191,0.653,0.341,7.44178700284452e-105
"Mthfd1l",4.58449626736863e-109,0.675059917932496,0.669,0.384,1.16547064109045e-104
"Dip2b",2.07280863756583e-108,0.487199927411284,0.964,0.875,5.26949411841984e-104
"Hagh",3.53900377230268e-108,0.515489186090276,0.675,0.361,8.99685538994788e-104
"5430405H02Rik",5.73540148803407e-108,0.481577420409867,0.565,0.243,1.45805376628802e-103
"Pik3r6",2.76974009776963e-107,0.411181688882404,0.267,0.015,7.04123327654995e-103
"Nucb2",7.89600862175767e-107,0.491772674790085,0.452,0.145,2.00732331182323e-102
"Stac2",1.07425214104856e-105,0.444711080561953,0.476,0.157,2.73096379297365e-101
"Caln1",1.62035243879773e-105,0.703313483156161,0.911,0.764,4.11925996991158e-101
"Dgki",2.19347866291574e-105,0.481625891662781,0.988,0.972,5.57626145686438e-101
"Gm28578",2.92179255880052e-105,0.455411113597647,0.361,0.078,7.42778104298269e-101
"Acp6",2.56262843568923e-103,0.621209970504829,0.411,0.13,6.51471400920916e-99
"Sh3gl2",3.78321676403532e-103,0.529089020706424,0.979,0.932,9.61769365753059e-99
"Taf15",4.15807282270697e-103,0.47425185973347,0.866,0.656,1.05706527298857e-98
"Necab2",9.1079662363619e-103,0.392301375803913,0.342,0.066,2.31542717660792e-98
"Slc16a10",1.01960625867962e-102,0.618524709604754,0.556,0.247,2.59204303081534e-98
"Mybpc1",1.31340723215864e-102,0.922486796075914,0.243,0.007,3.3389438655937e-98
"Ccnf",4.44756317904429e-102,0.357590623232914,0.328,0.055,1.13065951137664e-97
"Snta1",8.25729543892696e-102,0.487031014719148,0.625,0.323,2.09916964648401e-97
"Tcte1",2.44639109745359e-101,0.386155472725732,0.287,0.032,6.21921544794651e-97
"Iffo1",3.09739076186363e-101,0.460575194510854,0.611,0.3,7.87418679480973e-97
"Abcc4",1.60732674625424e-100,0.466622825533653,0.482,0.183,4.08614605432752e-96
"Galnt11",2.64797226954806e-100,0.482378133657876,0.832,0.614,6.73167510364508e-96
"Ap2a2",6.61932037293228e-99,0.498734040798882,0.771,0.501,1.68276362520684e-94
"Pgbd5",7.04785047927548e-99,0.533942753114113,0.85,0.67,1.79170454884141e-94
"Ccdc141",7.63063464266874e-99,0.403766831415306,0.291,0.039,1.93985993885925e-94
"Gadd45b",1.02488686867602e-98,0.381708117811308,0.384,0.1,2.60546739754817e-94
"Kcnq1ot1",1.1920745346636e-98,0.46300856471588,0.976,0.932,3.03049188202181e-94
"St6galnac3",1.13620764891315e-96,0.991217336604129,0.787,0.625,2.888467085067e-92
"Pcsk5",1.49044174398645e-96,0.80001547951899,0.636,0.335,3.78900100156237e-92
"Svop",3.31462194183245e-96,0.4671336290661,0.899,0.728,8.42643190052645e-92
"Gpr45",4.03861214996169e-95,0.510799944220834,0.723,0.446,1.02669598076326e-90
"6430548M08Rik",8.89259869669913e-95,0.444064446168846,0.633,0.333,2.26067644067485e-90
"Brinp1",1.04530183759922e-94,0.533674114331787,0.987,0.959,2.65736633154474e-90
"Syt6",3.33624686179369e-93,0.613784715692468,0.376,0.101,8.48140677205193e-89
"Rasa4",7.56287826376301e-93,0.344667610031889,0.257,0.025,1.92263491221383e-88
"Ksr1",3.10662870608073e-92,0.473822811938731,0.663,0.373,7.89767149659844e-88
"Tcf25",5.23032753245251e-92,0.437077764382209,0.905,0.752,1.32965386530008e-87
"Zfr",1.04991635613028e-91,0.420521664128344,0.957,0.887,2.66909736055439e-87
"Ttc28",1.44002168543892e-91,0.636089868431433,0.507,0.229,3.66082312872282e-87
"Bms1",2.57709541474409e-90,0.406281348917216,0.605,0.316,6.55149196336242e-86
"March11",6.70964915563744e-90,0.510623952336763,0.66,0.389,1.70572700834615e-85
"Abca17",1.06953024635017e-89,0.347201763326716,0.303,0.057,2.71895979227141e-85
"Aff1",1.97001528539732e-89,0.362511675422389,0.379,0.11,5.00817285853706e-85
"Slc25a36",4.41810349843891e-89,0.456370413608883,0.815,0.567,1.12317027137314e-84
"Sipa1l3",7.24669048065477e-89,0.53811610238395,0.664,0.414,1.84225365399206e-84
"Xylt1",8.33496620539726e-89,0.424400151896803,0.953,0.811,2.11891510873609e-84
"Cpne5",8.63057590394637e-89,0.575881304199604,0.537,0.259,2.19406500630125e-84
"Gm11549",1.11387833231282e-88,0.407000601093677,0.381,0.117,2.83170149640564e-84
"Nebl",1.61769536557251e-88,0.609930820408972,0.869,0.683,4.11250515835843e-84
"Itga11",3.83881165857259e-88,0.403307864981441,0.389,0.121,9.75902699842323e-84
"Atp2c2",3.86189046627119e-88,0.274056249947868,0.217,0.008,9.81769794335463e-84
"Hdac4",5.09134929923447e-88,0.573196665783788,0.826,0.643,1.29432281885139e-83
"Fhod3",3.8703998338187e-87,0.646233891444333,0.859,0.756,9.83933045753389e-83
"Eif4g3",4.24485503892077e-87,0.364747096365165,0.974,0.926,1.07912704799444e-82
"Bc1",6.77392723010865e-87,0.378443157901947,0.436,0.154,1.72206778043822e-82
"Mfap3l",7.04238791316928e-87,0.404412755862181,0.536,0.244,1.79031585528589e-82
"0610010F05Rik",8.91538533651168e-87,0.459790241989771,0.803,0.59,2.266469260248e-82
"Pmepa1",1.24403735267886e-86,0.431108450749388,0.585,0.298,3.16259175798021e-82
"Chst11",3.15630742400518e-86,0.54167356960412,0.629,0.357,8.02396473330598e-82
"1600020E01Rik",7.06634532663757e-86,0.480118552998757,0.578,0.299,1.7964063089378e-81
"Fbln2",1.55656483313961e-85,0.376387996173861,0.309,0.064,3.95709911880751e-81
"Rev3l",1.63869454762844e-85,0.438678923866836,0.889,0.728,4.16588927898102e-81
"Igsf9",1.7635972081769e-85,0.292249208898634,0.245,0.025,4.48341682262732e-81
"Megf6",2.00574907949217e-85,0.302849750960417,0.208,0.006,5.099015309885e-81
"Smg6",3.75938648440591e-85,0.449863379121182,0.914,0.796,9.55711232065669e-81
"Slc26a10",4.32850030756702e-85,0.480579359961545,0.339,0.091,1.10039134818969e-80
"Medag",1.25576778755936e-84,0.431772951059987,0.325,0.08,3.1924128695334e-80
"Sh3bp1",2.34921733058744e-84,0.322277998000017,0.38,0.115,5.97218029781939e-80
"Fndc3b",3.62574917220881e-84,0.477783217943292,0.734,0.486,9.21737954558925e-80
"Med15",3.84617669198819e-84,0.426899215913819,0.726,0.481,9.77775038637238e-80
"5031439G07Rik",3.93557368533162e-84,0.453216485091694,0.723,0.472,1.000501542285e-79
"Grm7",1.54596180398102e-83,0.525851357495787,0.997,0.991,3.93014409808055e-79
"Tmem94",1.74623023996738e-83,0.328160937034691,0.395,0.129,4.43926651604508e-79
"Gm26843",1.77159428303821e-83,0.306249327637081,0.258,0.037,4.50374698633975e-79
"Lynx1",2.13527175154428e-83,0.425031443889107,0.564,0.273,5.42828784677588e-79
"Tgfb1i1",3.28251064776971e-83,0.301131978585339,0.31,0.07,8.34479856876015e-79
"Csmd1",6.27573488777798e-83,0.267798470289205,1,0.999,1.59541732317092e-78
"Ehd3",2.15965290009644e-82,0.351563471370413,0.412,0.146,5.49026960262518e-78
"Psen1",8.2714962230233e-82,0.444771141992564,0.65,0.383,2.10277976981698e-77
"Dtx1",8.50679248958228e-82,0.3757075814716,0.475,0.199,2.16259678670161e-77
"Rbfox3",1.06754478104609e-81,0.412273316145612,0.984,0.954,2.71391234237538e-77
"Pum2",1.06904088866596e-81,0.447626745998263,0.845,0.667,2.7177157471666e-77
"Dot1l",1.44740087631811e-81,0.443971980512221,0.798,0.593,3.6795825077759e-77
"Gpr176",1.53076122685707e-81,0.524871324085728,0.375,0.124,3.89150119091605e-77
"Entpd7",1.72686683243816e-81,0.410641638765331,0.543,0.271,4.3900408614243e-77
"Tenm4",5.37351311476701e-81,0.569444905888211,0.97,0.974,1.36605450403607e-76
"Slc16a1",6.8755782059785e-81,0.308621712834748,0.347,0.096,1.74790949152385e-76
"Cabin1",8.60182673966835e-81,0.423612961073729,0.808,0.599,2.18675639375849e-76
"Drc3",9.68572708023005e-81,0.410369726726203,0.436,0.173,2.46230553833608e-76
"Etl4",1.04967274161501e-80,0.556964153136218,0.985,0.93,2.66847804373368e-76
"Prpf38b",4.80947440605372e-80,0.425347211974552,0.666,0.412,1.22266458350698e-75
"Snap91",5.12590942466497e-80,0.389311640502098,0.962,0.916,1.30310869393833e-75
"Anp32a",8.39376929595789e-80,0.40382757398936,0.668,0.392,2.13386403041841e-75
"Myh9",1.64734454045485e-79,0.412629705059347,0.633,0.359,4.18787929074432e-75
"Paqr8",3.29010969352e-79,0.349116149610825,0.429,0.161,8.36411686286654e-75
"Eef2k",4.04976435455834e-79,0.456189816588139,0.661,0.4,1.02953109421582e-74
"Glra1",7.74323279683196e-79,0.295561785156624,0.207,0.012,1.96848464161062e-74
"Tmem40",2.13867806209776e-78,0.263474937059484,0.202,0.011,5.43694736946493e-74
"Stxbp3",2.51097227623492e-78,0.33787308909634,0.377,0.127,6.38339372064441e-74
"Edil3",1.00718320978039e-77,0.496557427918276,0.926,0.79,2.5604611559037e-73
"Btbd9",6.30322035638583e-77,0.44302102015152,0.95,0.882,1.60240467900041e-72
"Ednrb",6.80002974387851e-77,0.263513093600038,0.198,0.009,1.72870356148879e-72
"Cntn3",8.17504149760431e-77,0.52886398261532,0.95,0.858,2.07825904952097e-72
"Zfpm1",9.33049190264966e-77,0.297052647088075,0.321,0.085,2.3719976514916e-72
"Tspan2",1.13754498361437e-76,0.287556200776982,0.233,0.029,2.89186685734444e-72
"Erc1",2.12934350391794e-76,0.392308942584514,0.909,0.784,5.41321705566019e-72
"Tpm1",5.97872344091145e-76,0.393186936897561,0.723,0.466,1.51991107314851e-71
"Fhad1",8.43550456322017e-76,0.303471712696178,0.293,0.067,2.14447397006183e-71
"Fstl5",1.54492870413503e-75,0.482410201023575,0.567,0.297,3.92751775165209e-71
"Plekha2",2.36582862721693e-75,0.339616964869343,0.284,0.064,6.01440953611087e-71
"Rundc3b",4.2622404548918e-75,0.430827538317962,0.808,0.603,1.08354676844259e-70
"Reep1",6.8506040003328e-75,0.423170245133416,0.883,0.71,1.7415605489646e-70
"Wipf3",8.99047585525721e-75,0.493781291290185,0.698,0.455,2.28555877192349e-70
"Fam129b",9.3629784580867e-75,0.361260953329443,0.427,0.175,2.3802563836148e-70
"Bcat1",1.0065902124395e-74,0.355398866009451,0.428,0.172,2.5589536380637e-70
"Scarb1",1.16198588787388e-74,0.368361613450863,0.519,0.248,2.95400052415299e-70
"Nos1ap",1.81848632071291e-74,0.510432200685139,0.935,0.836,4.62295592451637e-70
"Usp47",4.28565726398035e-74,0.43263463967209,0.802,0.597,1.08949978964909e-69
"Bcor",1.54464176736761e-73,0.433071407388372,0.611,0.354,3.92678830100194e-69
"Slco3a1",1.22602033792908e-72,0.458158259354181,0.755,0.55,3.1167889030833e-68
"Rhbdl3",1.47741664622616e-72,0.392231475329845,0.405,0.153,3.75588859803615e-68
"Cdkl1",3.94637018497454e-72,0.464905468153943,0.552,0.307,1.00324622842423e-67
"Eif2ak4",7.65375693166711e-72,0.370619896862892,0.548,0.286,1.94573808716841e-67
"Stac",8.3779625869208e-72,0.444095023301917,0.236,0.038,2.12984564884701e-67
"Nudt5",8.95461871558992e-72,0.380037037190884,0.64,0.38,2.27644316987727e-67
"Crtac1",1.92138000063239e-71,0.436165349758889,0.637,0.365,4.88453223760766e-67
"Dcdc2a",4.82862658586459e-71,0.299243012320799,0.235,0.038,1.2275334506585e-66
"Ntn1",2.36973520342816e-70,0.412796955482645,0.194,0.015,6.02434083415508e-66
"Anxa4",4.46209894472096e-70,0.338741426310638,0.211,0.025,1.13435479372696e-65
"Smarcc1",5.61322708002009e-70,0.408481565044342,0.788,0.59,1.42699458828271e-65
"Macrod1",7.91556376457821e-70,0.467716384288873,0.806,0.595,2.01229462023107e-65
"Trim3",9.99155583800131e-70,0.356714266304859,0.603,0.337,2.54005332513669e-65
"Cdk12",3.91830834834962e-69,0.382343188322451,0.835,0.649,9.9611234831744e-65
"Ccnb1",7.14034640245804e-69,0.40772587332618,0.249,0.049,1.81521886243288e-64
"Dtna",9.10282374722775e-69,0.429845218236914,0.932,0.82,2.31411985302024e-64
"Ubtd1",9.96782917622203e-69,0.260754380347502,0.291,0.075,2.53402153317916e-64
"Usp13",1.82189647654093e-68,0.409522804199793,0.64,0.4,4.63162522266235e-64
"Zbtb7c",5.67386959178362e-68,0.491627853438671,0.388,0.159,1.44241112762323e-63
"Ppp1r1b",6.83522591521695e-68,0.286154424914208,0.292,0.077,1.73765113216645e-63
"B230323A14Rik",6.92860657822059e-68,0.652128280460355,0.183,0.012,1.76139036431524e-63
"Sdk2",7.3729227759664e-68,0.44389809882962,0.731,0.449,1.87434442810618e-63
"Kcnc3",2.07220769891534e-67,0.338696421852542,0.575,0.312,5.26796641218258e-63
"Rab34",2.26743865069483e-67,0.311253311135323,0.297,0.081,5.76428253779639e-63
"Ecd",2.31604394879503e-67,0.338726890277748,0.495,0.24,5.88784692662672e-63
"Ptger3",3.23113655732828e-67,0.360387635924822,0.29,0.08,8.21419535603996e-63
"Psmd5",3.61646912877643e-67,0.316570152758511,0.381,0.146,9.19378781917543e-63
"Atp8a2",7.05879837931957e-67,0.411679750117279,0.924,0.854,1.79448772399062e-62
"Ece1",7.92807472743892e-67,0.412213830315539,0.683,0.442,2.01547515720952e-62
"Stn1",8.28286638774529e-67,0.345364416634544,0.374,0.145,2.10567029309261e-62
"Orai2",9.07952785728828e-67,0.312318981572101,0.405,0.162,2.30819757187983e-62
"Col27a1",1.07632319507529e-66,0.350935941840398,0.185,0.015,2.73622882652041e-62
"Maml2",3.63725738280537e-66,0.708780865158306,0.406,0.188,9.24663571856781e-62
"Atf7",4.15247668449161e-66,0.4113070806451,0.775,0.552,1.05564262273146e-61
"Ifrd1",5.65528550961295e-66,0.34990500839886,0.659,0.41,1.4376866822538e-61
"Kif17",5.93294256493265e-66,0.347792995830431,0.546,0.294,1.50827265885718e-61
"Rasa3",7.3970051732883e-66,0.400435872112035,0.587,0.34,1.88046665515335e-61
"Tll2",7.99634338078826e-66,0.302531453827145,0.196,0.021,2.03283041426399e-61
"Adam2",8.72315231571283e-66,0.404879487447052,0.327,0.101,2.21759978170052e-61
"Kcnd3",1.3030573255891e-65,0.408030169096493,0.92,0.788,3.3126323331126e-61
"Gnao1",1.55984759976187e-65,0.352402101098069,0.94,0.863,3.96544456811463e-61
"Itga9",2.32304949054483e-65,0.32092726611576,0.206,0.028,5.90565641486306e-61
"Rasgrp1",2.70940868956506e-65,0.380337861751542,0.839,0.647,6.88785877061229e-61
"Gm16183",3.03191009305818e-65,0.414101562848408,0.68,0.448,7.7077218385725e-61
"Sorcs1",3.3486460961554e-65,0.587630789722632,0.88,0.706,8.51292810564625e-61
"Tmem232",8.82175017632715e-65,0.50328689564379,0.287,0.084,2.24266532982589e-60
"Atp6v1e1",8.98230098213183e-65,0.339733540212227,0.577,0.319,2.28348055567755e-60
"Col4a2",9.32848160081483e-65,0.565517810999543,0.648,0.44,2.37148659255914e-60
"1700111E14Rik",1.49812071830587e-64,0.467356034992426,0.787,0.587,3.80852249007719e-60
"Gsdme",4.44616029468004e-64,0.47074427037645,0.788,0.567,1.13030287011356e-59
"P4htm",5.70481886157251e-64,0.342277157043248,0.572,0.317,1.45027905098896e-59
"Tdg",1.44978278253413e-63,0.324503503447959,0.417,0.183,3.68563778975827e-59
"Bmpr1a",2.17932159563309e-63,0.383039868715321,0.685,0.444,5.54027136041843e-59
"Mark1",4.32644869244777e-63,0.387447883205716,0.839,0.676,1.09986978659407e-58
"Vstm2b",6.01236609609592e-63,0.300106981130893,0.446,0.202,1.5284637089495e-58
"Arl15",2.28163461140814e-62,0.66251751568708,0.923,0.869,5.80037150912178e-58
"Slc24a4",2.45191316976823e-62,0.565835975961251,0.643,0.452,6.2332536601848e-58
"Creb3l2",4.43184376754482e-62,0.270537798840542,0.256,0.062,1.12666332258524e-57
"Vstm2l",5.14244561101849e-62,0.287279068756941,0.368,0.14,1.30731252323312e-57
"Gm45345",6.86507612863074e-62,0.29327175151055,0.38,0.149,1.74523965342051e-57
"9630002D21Rik",8.38996558504336e-62,0.481724088509334,0.218,0.041,2.13289705102972e-57
"Adgrf4",1.02961671723707e-61,0.283255313561163,0.196,0.027,2.61749161856008e-57
"Igsf9b",1.2547750799173e-61,0.431586970850351,0.892,0.781,3.18988920816575e-57
"Gk5",1.3183143017135e-61,0.257331089276684,0.296,0.09,3.35141861781606e-57
"Fam13c",2.05910843681935e-61,0.40316250005712,0.734,0.521,5.23466546808215e-57
"Lipe",2.16679040069242e-61,0.329736103722508,0.453,0.216,5.50841455664027e-57
"Sv2b",2.27050900039467e-61,0.38212741698639,0.961,0.926,5.77208798080334e-57
"Lingo1",3.0115104295355e-61,0.383913146172127,0.911,0.812,7.65586181396514e-57
"Sh3bp5",4.34342001529172e-61,0.376537437018157,0.634,0.402,1.10418423628746e-56
"Tanc1",4.75044293080044e-61,0.554824426783417,0.444,0.219,1.20765760186809e-56
"Celf4",6.07228708517566e-61,0.406667875025394,0.976,0.945,1.54369682279336e-56
"Zfp704",2.68785941588002e-60,0.383434397452632,0.784,0.583,6.83307620705019e-56
"Abcc1",3.04915170853006e-60,0.380702184257742,0.546,0.315,7.75155347342513e-56
"Hk1",3.944198461251e-60,0.381633938908487,0.716,0.517,1.00269413281923e-55
"Coro1c",1.37526841282258e-59,0.346603253139028,0.536,0.297,3.49620735907757e-55
"Adra1b",1.45376112702828e-59,0.305898373259545,0.314,0.106,3.69575153713129e-55
"Hes1",1.75094860411881e-59,0.324338036344291,0.332,0.121,4.45126154139085e-55
"4732463B04Rik",2.35490795185956e-59,0.273323467557923,0.328,0.117,5.98664699521737e-55
"Mpp6",2.63193742181398e-59,0.440501026362496,0.785,0.594,6.69091131373549e-55
"Hspbap1",4.99453153824181e-59,0.279989043454247,0.403,0.174,1.26970980765183e-54
"Flrt1",5.21343982558293e-59,0.31138505171101,0.604,0.348,1.32536067245969e-54
"Rgs9",1.21541601723816e-58,0.330369120947258,0.377,0.154,3.08983059902285e-54
"Myo16",1.38656273317428e-58,0.97201406199941,0.664,0.51,3.52491978027565e-54
"Tenm3",1.39508359672134e-58,0.657434779116258,0.88,0.744,3.54658151958498e-54
"6530403H02Rik",2.62895913211674e-58,0.68893882567862,0.533,0.279,6.68333990566718e-54
"Ripk2",3.64256562876513e-58,0.344923968226084,0.474,0.245,9.2601303414467e-54
"Col4a1",3.85014946576754e-58,0.490249463207942,0.612,0.4,9.78784997187424e-54
"Cst3",5.96639915873724e-58,0.35656459515095,0.613,0.366,1.51677799413418e-53
"Grasp",7.79205802172655e-58,0.327022642856332,0.539,0.298,1.98089699028332e-53
"Zmiz1os1",1.32002036206966e-57,0.391836493120311,0.597,0.358,3.35575576445348e-53
"Fbn1",1.74175063942185e-57,0.2994422566904,0.288,0.093,4.42787847553822e-53
"Plcl1",4.4721639142468e-57,0.569015427094174,0.742,0.573,1.13691351027982e-52
"Sarm1",8.34470692948057e-57,0.26346850837348,0.313,0.112,2.12139139561255e-52
"4933432K03Rik",1.49441062670871e-56,0.297356323359201,0.412,0.184,3.79909069521888e-52
"Ptpn5",1.52614547129685e-56,0.39780219949954,0.826,0.671,3.87976701713085e-52
"Plxdc1",1.73824029202956e-56,0.294496516416258,0.37,0.151,4.41895447039754e-52
"Kdm2b",2.16955534013992e-56,0.351210471290907,0.658,0.427,5.51544358570371e-52
"Nin",3.06827738526635e-56,0.332001892875325,0.913,0.784,7.80017476882412e-52
"Myo9b",3.42180655111451e-56,0.356147333505121,0.746,0.547,8.69891661424331e-52
"Itsn2",5.61681363125044e-56,0.36267030259946,0.827,0.651,1.42790636133649e-51
"Cdh13",1.47210245249463e-55,0.78386642170596,0.659,0.427,3.74237885473186e-51
"Rtn4rl1",2.16296649541722e-55,0.487067524352161,0.605,0.416,5.49869342464966e-51
"Snx32",4.5628425166736e-55,0.313526358223075,0.627,0.393,1.15996582458876e-50
"Disp3",5.56051859848796e-55,0.285244180409348,0.354,0.146,1.41359503810761e-50
"Gm35853",9.73988435637634e-55,0.289528139572534,0.146,0.008,2.47607340107799e-50
"Snrnp70",2.46276426617875e-54,0.291089271472944,0.969,0.925,6.26083931747961e-50
"Mrtfa",4.7316818842287e-54,0.346842835496134,0.83,0.681,1.20288816860862e-49
"Vipr1",4.96713462770942e-54,0.297332493614937,0.574,0.342,1.26274496505629e-49
"Ppp4r2",5.05446197566909e-54,0.36180664618539,0.71,0.514,1.28494532345459e-49
"D430041D05Rik",5.92938324372756e-54,0.368816237351191,0.963,0.93,1.50736780822042e-49
"Sned1",1.6399421669751e-53,0.262576500807971,0.251,0.073,4.16906097688409e-49
"Nsmf",3.92288381371986e-53,0.310070944429704,0.641,0.403,9.97275523123862e-49
"Spon1",5.20570971524073e-53,0.717497518398216,0.562,0.357,1.3233955238085e-48
"Spock1",1.09324535234104e-52,0.424219625448198,0.941,0.921,2.77924833472139e-48
"Gm32036",1.11765709741792e-52,0.40353178940619,0.243,0.072,2.84130787305585e-48
"Camk1d",1.20679992620001e-52,0.253498356225268,0.993,0.986,3.06792677238566e-48
"Ppp1r9a",2.30312257568385e-52,0.321388736801559,0.973,0.928,5.85499821190349e-48
"Etnk1",2.35814678271076e-52,0.301439589958945,0.913,0.815,5.99488075100728e-48
"Wdhd1",2.6742248967952e-52,0.294470235580879,0.4,0.186,6.79841453263275e-48
"Ppp2r5c",3.9862877247578e-52,0.341120848530815,0.877,0.739,1.01339406538793e-47
"Ntng2",5.46226039019098e-52,0.482246020414921,0.467,0.262,1.38861583639435e-47
"Gm13912",9.43259120043093e-52,0.27666061201719,0.168,0.023,2.39795333497355e-47
"Olfr111",1.1084511025025e-51,0.346025940937926,0.134,0.005,2.81790439278187e-47
"Ceacam2",1.82990062630328e-51,0.291545011580635,0.388,0.18,4.6519733721882e-47
"Daglb",2.62546032076146e-51,0.268892243074754,0.509,0.279,6.67444522743978e-47
"Slc35f3",2.70685729263071e-51,0.337078270795222,0.837,0.641,6.8813726093258e-47
"Pdzrn3",4.75410155525163e-51,1.0022208382564,0.76,0.67,1.20858769737607e-46
"Eif2b3",8.10261473137729e-51,0.305852914892797,0.457,0.242,2.05984671701073e-46
"Xkr6",2.46638046465305e-50,0.532826671992508,0.765,0.597,6.27003241724098e-46
"Plec",2.50633784901129e-50,0.332570625782538,0.745,0.558,6.3716120797565e-46
"Cenpf",4.11591151844519e-50,0.364280867812883,0.129,0.005,1.04634702621914e-45
"Col11a1",5.70157852996093e-50,0.39171411271125,0.264,0.089,1.44945529388667e-45
"Golga4",1.08153578715367e-49,0.32423086505138,0.771,0.61,2.74948027810205e-45
"Arhgap5",4.218776764697e-49,0.426215060581536,0.792,0.634,1.07249742912127e-44
"Abcb10",4.95476330390091e-49,0.290977805420183,0.366,0.164,1.25959992711769e-44
"Pid1",7.60125534409009e-49,0.459947521940518,0.836,0.683,1.93239113357458e-44
"Gprin3",8.40413272039256e-49,0.309951076936782,0.442,0.228,2.1364986201782e-44
"Tbc1d22a",9.385817777242e-49,0.311082950432644,0.576,0.356,2.38606259533046e-44
"Rbms3",1.44349079494191e-48,0.503601248059623,0.564,0.37,3.66964229890132e-44
"Tafa5",1.79382018402092e-48,0.408927968318516,0.712,0.534,4.56024967181799e-44
"Wscd2",2.86381904474601e-48,0.351007614955227,0.671,0.476,7.28040077555331e-44
"Ttc7b",3.00377876102033e-48,0.309342167261785,0.935,0.867,7.63620636626589e-44
"Zfp850",4.85803176143308e-48,0.28611285850193,0.277,0.099,1.23500883439152e-43
"Igfbp7",6.22867845149407e-48,0.257454119883202,0.248,0.08,1.58345463593882e-43
"Ssbp2",1.00347760790599e-47,0.367611583811788,0.958,0.909,2.5510407748186e-43
"Dtx4",1.10847124231555e-47,0.269807967059183,0.403,0.198,2.81795559221458e-43
"Gsg1l",1.86098821874393e-47,0.555939387976875,0.643,0.486,4.73100424969081e-43
"Sgsm3",2.082677286666e-47,0.290681100902456,0.633,0.417,5.29458219816231e-43
"Pik3r3",2.31190439041076e-47,0.325285174063498,0.634,0.42,5.87732334130223e-43
"Lifr",3.26450229267799e-47,0.262744099549113,0.482,0.265,8.29901772844598e-43
"Eea1",5.13735537865936e-47,0.301534931371461,0.657,0.448,1.30601848436278e-42
"Tmem130",5.25943918200829e-47,0.286339465993556,0.56,0.337,1.33705462885015e-42
"Selenow",7.72725168720916e-47,0.309067271653608,0.702,0.481,1.96442192392231e-42
"Epm2a",1.03934978962838e-46,0.260104766190761,0.43,0.219,2.64223503519327e-42
"Actn1",1.04140994844476e-46,0.342509301848227,0.729,0.554,2.64747237093626e-42
"Fhl2",1.64174664077518e-46,0.302878720011319,0.655,0.434,4.17364831017867e-42
"Radil",1.72649487953629e-46,0.267365540283494,0.521,0.297,4.38909528275715e-42
"Smarcc2",1.74718855097959e-46,0.315246904852838,0.761,0.562,4.44170273430032e-42
"Cacna1a",2.34508664668834e-46,0.297145538042647,0.996,0.996,5.9616792732111e-42
"Uchl1",4.35361721311977e-46,0.30336569333754,0.698,0.485,1.10677656791931e-41
"Etfa",6.77016298702409e-46,0.270638001926227,0.415,0.216,1.72111083456126e-41
"Snap47",6.9301559935081e-46,0.278067623813183,0.607,0.389,1.76178425666963e-41
"Plp1",1.21389652353425e-45,0.343087962561004,0.612,0.387,3.08596774212877e-41
"Mphosph8",1.99970784063521e-45,0.27451285926645,0.683,0.472,5.08365727246283e-41
"Ppp1r37",2.23863431899659e-45,0.281300631409288,0.598,0.383,5.69105616575314e-41
"Ap2b1",3.26658091653499e-45,0.29470859394494,0.883,0.749,8.30430200601526e-41
"Plpp3",3.34506001406491e-45,0.261138223111132,0.219,0.064,8.50381156775581e-41
"Tmem91",4.26572988759736e-45,0.304308479465239,0.313,0.132,1.084433852025e-40
"Nrn1",4.64088531662711e-45,0.316601687311765,0.752,0.563,1.17980586519294e-40
"Btk",4.97694516624895e-45,0.263544533863675,0.138,0.015,1.26523900016381e-40
"Gm11290",5.43361537003274e-45,0.317511747344243,0.3,0.121,1.38133369936972e-40
"Spns2",5.48463675507476e-45,0.26078786876626,0.473,0.261,1.3943043558751e-40
"Ncs1",6.34370979260088e-45,0.294637267577779,0.621,0.415,1.612697903475e-40
"Tmem266",6.75446145915195e-45,0.261195709968601,0.357,0.17,1.71711919214561e-40
"Rrbp1",7.56082320037586e-45,0.264877016552103,0.455,0.246,1.92211247399955e-40
"Ankrd13c",1.01453561421399e-44,0.340994733405922,0.696,0.506,2.5791524384548e-40
"Syne3",1.07989151192176e-44,0.266383257614923,0.139,0.016,2.7453002016075e-40
"Myo10",1.40028416755294e-44,0.257310695924094,0.306,0.129,3.55980241075308e-40
"Timp3",1.51006681695928e-44,0.286039861085148,0.52,0.302,3.83889186207387e-40
"Map7d2",4.06153001952035e-44,0.308059172035485,0.797,0.646,1.03252216156246e-39
"Pde4a",4.08581008390802e-44,0.282436657862357,0.876,0.675,1.0386946395311e-39
"Rabgap1",4.41237239355034e-44,0.265686073262504,0.916,0.82,1.12171330988837e-39
"Gm32647",1.28159150273888e-43,0.470346468665357,0.264,0.097,3.25806191826277e-39
"Creg2",1.9994190816053e-43,0.267075900140511,0.513,0.298,5.08292318925699e-39
"Atp1a3",5.16321604851557e-43,0.266027538065817,0.924,0.835,1.31259278385363e-38
"Cit",5.2126006684444e-43,0.356077124774671,0.827,0.738,1.32514734193193e-38
"Gm35188",7.72739542917961e-43,0.430718491551168,0.789,0.644,1.96445846600604e-38
"Pde4b",1.34445482501455e-42,0.428162368408032,0.969,0.934,3.417873056152e-38
"Adgrd1",1.35967707857879e-42,0.254006239139024,0.243,0.084,3.45657106916301e-38
"1500035N22Rik",1.48444835053826e-42,0.280807315575479,0.488,0.284,3.77376459673837e-38
"Csmd2",1.95946799269835e-42,0.418076655482222,0.953,0.93,4.98135953103774e-38
"Slc8a1",2.10802685442564e-42,0.335241635094371,0.99,0.982,5.35902586932087e-38
"Mrps26",2.63295305297668e-42,0.250284706833552,0.448,0.245,6.69349325127732e-38
"Mad1l1",2.6890426469646e-42,0.293358738156116,0.376,0.19,6.83608421711341e-38
"Dipk1a",3.44577040406557e-42,0.297103193645858,0.62,0.418,8.7598375212155e-38
"Cipc",3.67459310385505e-42,0.268827150226185,0.614,0.409,9.34155058862032e-38
"Atad3a",3.98183167382997e-42,0.264220425212448,0.551,0.342,1.01226124812105e-37
"Emc3",1.7969507932642e-41,0.270897783167721,0.576,0.364,4.56820830663625e-37
"Bbs5",2.49745860101221e-41,0.250996079917331,0.552,0.339,6.34903925549324e-37
"Klc1",2.71273570059699e-41,0.296531602277746,0.857,0.744,6.89631669805767e-37
"Cpe",3.08225822365427e-41,0.296944935793103,0.96,0.903,7.83571685617389e-37
"0610012G03Rik",5.16854229448725e-41,0.270505647968328,0.334,0.16,1.31394682210455e-36
"Gm34544",5.66105614394196e-41,0.603454879221933,0.28,0.116,1.43915369291292e-36
"Cux2",1.25855965754755e-40,0.881862371550368,0.544,0.456,3.19951036141739e-36
"Adamts18",1.37395404520305e-40,0.463001796758239,0.255,0.101,3.49286597371519e-36
"Hmgcs1",2.39435989889709e-40,0.264638900891411,0.513,0.306,6.08694173497618e-36
"Kcnq2",2.40843521319413e-40,0.294078288410365,0.891,0.781,6.12272399898212e-36
"Prkar1b",2.53128266010157e-40,0.27936077072949,0.851,0.722,6.43502677851021e-36
"Inhba",3.0996283248788e-40,0.471377131665212,0.394,0.223,7.87987512750689e-36
"Rab11fip4",5.12889832966163e-40,0.271943211233826,0.738,0.537,1.30386853336658e-35
"Ctif",9.68993420917701e-40,0.300752994995846,0.786,0.63,2.46337507465698e-35
"Ncam1",9.94033377624038e-40,0.329444780051368,0.952,0.893,2.52703165259583e-35
"Mir9-3hg",1.0955441246322e-39,0.282251314914942,0.835,0.706,2.78509227363997e-35
"Capn15",1.1019048148274e-39,0.264766971259583,0.659,0.462,2.80126242025423e-35
"Slc7a14",1.20813745358677e-39,0.316075522265747,0.776,0.601,3.07132703450829e-35
"Rab24",1.31931370003491e-39,0.251330319668241,0.449,0.254,3.35395928822874e-35
"Sox5",3.071932482721e-39,0.484492988318053,0.843,0.746,7.80946675757333e-35
"Podxl2",4.36150111586335e-39,0.265590458908515,0.5,0.306,1.10878081367478e-34
"Cped1",5.35369348303506e-39,0.292154523490238,0.175,0.047,1.36101595725717e-34
"Sh2d4b",5.99388285926076e-39,0.301099206397416,0.314,0.151,1.52376490048127e-34
"Gpc5",1.62402161074211e-38,0.719528214946848,0.4,0.218,4.12858773882859e-34
"Zfp799",1.8013090595442e-38,0.271175300552022,0.568,0.377,4.57928789117325e-34
"Ndufc2",3.26878535279422e-38,0.267415119893005,0.423,0.234,8.30990612387346e-34
"Gclc",3.3232980857433e-38,0.259574347534117,0.557,0.36,8.44848839357662e-34
"Enah",4.86028610720801e-38,0.300068818464504,0.905,0.82,1.23558193417442e-33
"Hunk",2.85281216647253e-37,0.251969059098045,0.278,0.121,7.25241908960648e-33
"Grb2",3.26876806675506e-37,0.260051071236085,0.593,0.405,8.30986217930471e-33
"Hcfc2",3.87040812475771e-37,0.272282783967719,0.527,0.34,9.83935153475906e-33
"Ipo5",6.68947392598859e-37,0.293186044012272,0.563,0.386,1.70059806146482e-32
"Aldoa",1.11113434717028e-36,0.258831380182334,0.61,0.407,2.82472573737628e-32
"Kcnab1",1.67721051576964e-36,0.456549243748494,0.646,0.459,4.26380457318957e-32
"Zswim6",2.2439601241783e-36,0.368896375273288,0.866,0.791,5.70459542768607e-32
"Gm15478",4.14705161357212e-36,0.289851896679652,0.641,0.45,1.0542634612023e-31
"Ppm1e",5.45908074604264e-36,0.323987712555295,0.971,0.926,1.38780750725896e-31
"Rnf227",5.62443538697368e-36,0.250716290530604,0.436,0.251,1.42984396407645e-31
"Gab3",6.14767912692347e-36,0.296302225374185,0.288,0.136,1.56286298764648e-31
"Elavl3",7.18568145729209e-36,0.261088786202435,0.912,0.821,1.82674394007279e-31
"Sulf2",7.22073250626115e-36,0.316899029320039,0.402,0.225,1.83565461774171e-31
"Parp8",8.80614439260248e-36,0.283056604290843,0.625,0.446,2.2386980274874e-31
"Apbb2",1.47722199711924e-35,0.314861400510586,0.899,0.827,3.75539376107653e-31
"Cdh22",2.11783208997886e-35,0.25488227581889,0.502,0.314,5.38395273914425e-31
"Dclre1c",2.16121876498569e-35,0.251930594252609,0.509,0.323,5.49425034434663e-31
"Zfp652",4.83867912207138e-35,0.265266627728587,0.722,0.547,1.23008900641299e-30
"Lama2",5.92132625948443e-35,0.383242811177119,0.21,0.077,1.50531956168613e-30
"Qk",6.81128179637482e-35,0.303512375507569,0.763,0.591,1.73156405827441e-30
"Rbm28",1.01697940468408e-34,0.251755147014847,0.776,0.624,2.58536504258787e-30
"Spindoc",1.40956953504328e-34,0.250492499077706,0.52,0.34,3.58340767198702e-30
"Cadm1",1.61203700737869e-34,0.317727655314826,0.978,0.938,4.09812048015811e-30
"Grk5",1.67661094306476e-34,0.281649177484896,0.405,0.233,4.26228033945922e-30
"4921534H16Rik",2.22769606862249e-34,0.307191951768356,0.675,0.494,5.6632489456521e-30
"Robo3",2.60766258202879e-34,0.350382391401815,0.329,0.17,6.62919981603359e-30
"P3h2",4.29147378757827e-34,0.277287492557677,0.315,0.159,1.09097846627815e-29
"Eipr1",4.32645727890803e-34,0.257216840160008,0.638,0.46,1.099871969444e-29
"Garnl3",4.39578546134972e-34,0.375923317373427,0.861,0.76,1.11749657998433e-29
"Hipk2",5.13752633560857e-34,0.284294089644532,0.643,0.463,1.30606194503841e-29
"Ogdh",5.25908349629834e-34,0.253804187634524,0.77,0.613,1.33696420642896e-29
"Dok5",7.43983932546768e-34,0.285865968434481,0.58,0.406,1.89135595332039e-29
"Hcn1",1.21225435791501e-33,0.263769626065953,0.951,0.87,3.08179302869154e-29
"Cacna1c",2.56736831376193e-33,0.252617093737217,0.982,0.965,6.52676372724558e-29
"Slc24a2",3.379359403661e-33,0.306939945980006,0.959,0.922,8.591007475987e-29
"Atp11b",5.61029126809327e-33,0.29878546961584,0.82,0.712,1.42624824617467e-28
"Ppp2r3a",6.70465472588088e-33,0.258413592423369,0.771,0.604,1.70445732441344e-28
"Glis3",1.0218139419288e-32,0.554097791405367,0.23,0.096,2.59765540317139e-28
"Prpf4b",1.04534582761983e-32,0.252584994604133,0.917,0.853,2.65747816297514e-28
"Zfyve28",1.72986926207262e-32,0.262669446148968,0.838,0.708,4.39767363804101e-28
"Syndig1",2.51266888340891e-32,0.28897749395382,0.688,0.526,6.38770683540213e-28
"Airn",4.4074292398424e-32,0.392225830970647,0.468,0.305,1.12045666135274e-27
"Me3",5.0221150947552e-32,0.3537503802297,0.829,0.742,1.27672209938867e-27
"Uhrf1bp1l",6.17523132602022e-32,0.254837322404389,0.746,0.569,1.56986730770086e-27
"Pde2a",6.50876995584588e-32,0.259398607174441,0.853,0.715,1.65465949817514e-27
"St8sia5",7.37021140579284e-32,0.270726871685869,0.725,0.584,1.87365514358065e-27
"Comt",2.5425379798553e-31,0.250739560474192,0.666,0.496,6.46364005238814e-27
"Gse1",3.25481505380448e-31,0.339172840730183,0.83,0.725,8.27439082978175e-27
"9530059O14Rik",6.48417767993755e-31,0.373307705962794,0.902,0.824,1.64840764979372e-26
"Cacna1b",1.26527082057589e-30,0.265915700543827,0.889,0.812,3.21657148006802e-26
"Kcnt1",1.57959682116679e-30,0.277589721122044,0.679,0.529,4.01565103877021e-26
"Rapgef5",1.6333762995304e-30,0.429910287785362,0.822,0.782,4.15236922866619e-26
"5330417C22Rik",3.31214355335516e-30,0.271595720587865,0.844,0.753,8.42013134133948e-26
"Gm20642",3.66296858252873e-30,0.269775248210399,0.961,0.934,9.31199873050454e-26
"Nfix",4.16027506120552e-30,0.28087842725335,0.765,0.625,1.05762512605967e-25
"Arhgap10",4.34181764465123e-30,0.338697653518981,0.756,0.639,1.10377688162324e-25
"Dock3",4.86656522347847e-30,0.262368627328679,0.984,0.983,1.2371782111127e-25
"Prkcz",4.91600191804871e-30,0.256288886837012,0.813,0.689,1.24974600760634e-25
"Slc7a8",5.66699985298153e-30,0.264326267094755,0.722,0.575,1.44066470262497e-25
"Acat1",8.73270962807006e-30,0.263280638686506,0.728,0.571,2.22002944164797e-25
"Igf1r",1.24452433256655e-29,0.365310289838621,0.928,0.885,3.16382975825068e-25
"Matk",1.32110405639643e-29,0.274896576646585,0.739,0.573,3.35851073217101e-25
"Adarb1",1.54166703761825e-29,0.40436964247395,0.721,0.611,3.91922594303311e-25
"Grik4",4.19450309854816e-29,0.536296946667637,0.628,0.499,1.06632657771291e-24
"Zfp385b",5.22171160699624e-29,0.413863984748203,0.879,0.827,1.32746352473058e-24
"Atp6v0c",5.31792336107134e-29,0.257524997989847,0.833,0.668,1.35192247685156e-24
"Efcab6",6.42648853820151e-29,0.267219880429694,0.497,0.335,1.63374191618159e-24
"Gm10649",1.07527241120707e-28,0.298194665450231,0.379,0.232,2.73355752377062e-24
"Mpv17l",1.92204428354337e-28,0.32008182150987,0.559,0.403,4.88622097762395e-24
"Ptpre",3.15358270824749e-28,0.295565527252269,0.458,0.304,8.01703796090677e-24
"Gm26911",3.36280675471353e-28,0.296346372348186,0.384,0.239,8.54892733183274e-24
"4930587E11Rik",5.70684040094112e-28,0.269392581341665,0.631,0.472,1.45079296672725e-23
"Lpin2",7.37146336457634e-28,0.272864862227901,0.729,0.613,1.8739734165426e-23
"Zcchc18",7.51585023897476e-28,0.391751476425506,0.807,0.708,1.91067944775216e-23
"Gm11417",8.72610295659358e-28,0.258530600227896,0.442,0.284,2.21834989362522e-23
"Sulf1",1.03328542431324e-27,0.58585357098649,0.347,0.21,2.62681820568911e-23
"Cdh4",1.98457363043393e-26,0.442992063130287,0.505,0.377,5.04518308328915e-22
"Akap13",1.0308868690044e-25,0.290245031026563,0.527,0.388,2.62072059838299e-21
"Astn2",1.30744761872262e-25,0.362911664107956,0.913,0.848,3.32379333631664e-21
"Dock4",2.49404044161637e-25,0.372267317947641,0.93,0.87,6.34034961067713e-21
"Slit3",2.97836908814336e-25,0.304834853968017,0.933,0.87,7.57160989587806e-21
"Smyd3",5.27315357190629e-24,0.324241568731447,0.904,0.833,1.34054110105002e-19
"Igsf11",1.03908575688536e-23,0.281515887054741,0.345,0.212,2.64156381115397e-19
"Trpc4",1.24628030606328e-23,0.345069524193667,0.467,0.323,3.16829379407408e-19
"Gm43948",5.89343742748722e-23,0.314703673942909,0.457,0.328,1.4982296628158e-18
"Dpp10",6.44307617207677e-22,0.271544132999498,0.989,0.986,1.63795882446536e-17
"Sfxn5",4.06508675084109e-21,0.27276859624527,0.651,0.518,1.03342635379882e-16
"Kcnn2",4.6914863488045e-21,0.290562019683525,0.796,0.68,1.19266965959308e-16
"Tmem117",5.89954328350908e-20,0.29342287115582,0.581,0.44,1.49978189353368e-15
"Klhl29",3.54343412197683e-19,0.282357786667928,0.909,0.892,9.00811822488951e-15
"B3galt1",2.06161361577453e-18,0.254153650933762,0.985,0.969,5.24103413402201e-14
"Slc35f4",3.52280382410998e-18,0.25006108040907,0.871,0.798,8.9556718816524e-14
"Synpr",8.33376238654618e-18,0.326495388495824,0.339,0.228,2.11860907390777e-13
"Dner",9.67271436008314e-18,0.293661176586258,0.533,0.422,2.45899744462034e-13
"Pdgfc",6.17942205525908e-17,0.330073332677299,0.517,0.421,1.57093267488796e-12
"Gm2164",1.10466353190681e-16,0.304163125667008,0.265,0.165,2.8082756308135e-12
"Rasgef1b",4.84080996805769e-13,0.283581216149901,0.881,0.837,1.23063071007963e-08
"Antxr1",6.99654093019024e-13,0.310617663689607,0.44,0.353,1.77866063527296e-08
"Tmtc1",6.84832680465871e-12,0.257912062397883,0.689,0.617,1.74098164028034e-07
"Nell1",1.57493070020118e-09,0.322100523113317,0.563,0.481,4.00378882605145e-05
"Tshz2",9.11578460843593e-08,0.416037954137004,0.168,0.113,0.00231741476315658
"Hs6st3",3.60981940618421e-07,0.263651128512399,0.867,0.817,0.00917688289440149
"Nr3c2",1.64019868943709e-06,0.392735719440174,0.644,0.592,0.0416971310828698
